episode,total_reward,mean_reward,std_reward,min_reward,max_reward
1,-13.83,-0.2766,1.1721365620097344,-2.994,1.406
2,-19.489000000000004,-0.38978000000000007,1.3387360201324234,-3.081,1.293
3,-18.418,-0.36835999999999997,1.3119811852309469,-3.176,1.379
4,-5.181000000000001,-0.10362000000000002,1.2699638560211073,-2.774,1.387
5,-2.9029999999999996,-0.05806000000000001,1.323424563924971,-2.533,1.378
6,-11.588000000000001,-0.23176000000000002,1.1814289578303048,-2.701,1.373
7,-15.385000000000012,-0.3077,1.2737761538041132,-2.62,1.353
8,-20.127000000000002,-0.40254000000000006,1.224178699536959,-2.919,1.384
9,-16.999000000000006,-0.33998000000000006,1.2530526324141376,-2.757,1.361
10,-16.994,-0.33988,1.320620333631131,-2.415,1.405
11,-9.064,-0.18127999999999997,1.1738071909815513,-2.437,1.389
12,-9.424,-0.18847999999999998,1.3241920893888468,-2.841,1.395
13,-14.780999999999997,-0.29562,1.2978060855150897,-2.947,1.381
14,-17.559999999999995,-0.35119999999999996,1.229236950306978,-2.915,1.398
15,-15.769999999999998,-0.3154,1.3381644443042118,-3.191,1.391
16,-13.465000000000002,-0.2693,1.284557826646975,-2.926,1.392
17,-18.078,-0.36156000000000005,1.3216922812818421,-2.772,1.389
18,-5.763,-0.11526,1.2725206451763367,-3.045,1.364
19,-7.225999999999998,-0.14452,1.2530957543619723,-2.731,1.357
20,-3.893999999999999,-0.07788,1.2761800286793397,-2.829,1.321
21,-5.816999999999998,-0.11634,1.166363521548921,-2.762,1.292
22,-23.267000000000003,-0.4653400000000001,1.1891071038388425,-2.717,1.266
23,-9.254999999999997,-0.18510000000000001,1.207706094213323,-2.863,1.246
24,-7.5200000000000005,-0.1504,1.241421105024399,-2.826,1.209
25,-10.834999999999999,-0.2167,1.1780702398414111,-2.719,1.261
26,-5.915999999999998,-0.11832,1.1613208073568646,-2.566,1.258
27,-9.296999999999999,-0.18594000000000002,1.1997110720502668,-2.791,1.275
28,-3.3319999999999985,-0.06663999999999995,1.2722259824417987,-3.025,1.297
29,-7.5569999999999995,-0.15114000000000002,1.207991274968491,-2.578,1.267
30,-1.8569999999999998,-0.03713999999999999,1.2056884673911417,-2.722,1.3
31,-5.058999999999999,-0.10118,1.275719368670085,-2.793,1.271
32,-7.694000000000003,-0.15388,1.1608582969510104,-2.181,1.276
33,-15.051,-0.30102,1.1453654349595155,-2.611,1.271
34,-4.1,-0.08200000000000002,1.1984188583295907,-2.798,1.278
35,-12.833000000000002,-0.25665999999999994,1.2409358824693562,-2.923,1.286
36,-3.0220000000000007,-0.060440000000000015,1.149061080360831,-2.664,1.287
37,-0.22300000000000053,-0.004459999999999993,1.1946262714338742,-2.459,1.305
38,-2.4369999999999994,-0.04873999999999998,1.298749842117411,-3.024,1.304
39,5.846999999999999,0.11694,1.139068802311783,-2.26,1.29
40,-3.7290000000000028,-0.07458000000000001,1.067313976110123,-2.093,1.3
41,-10.632,-0.21264,1.2071337417204442,-2.644,1.287
42,-7.837999999999998,-0.15675999999999998,1.2535724240744928,-2.698,1.288
43,4.316999999999998,0.08634,1.1164598803360557,-2.135,1.309
44,5.024000000000002,0.10048,1.1610405202231315,-2.959,1.313
45,-4.553999999999999,-0.09108,1.1566257621201423,-2.897,1.298
46,-7.714999999999999,-0.1543,1.1728339567048696,-2.686,1.289
47,-4.842,-0.09684000000000001,1.1544053596549178,-2.183,1.279
48,8.195000000000002,0.16390000000000002,0.9728122583520419,-2.396,1.28
49,-9.261999999999995,-0.18523999999999996,1.1209486082778282,-2.288,1.293
50,-10.479999999999997,-0.2096,1.1990040033294302,-2.64,1.235
51,-12.517999999999999,-0.25036,1.1526686038927234,-2.696,1.162
52,-14.168000000000001,-0.28336,1.085423636374296,-2.772,1.153
53,-18.44,-0.3688,1.1026541796955198,-2.58,1.115
54,-16.567999999999998,-0.33136000000000004,1.0751138313685673,-2.62,1.076
55,-9.465000000000002,-0.1893,1.155522102774326,-2.535,1.126
56,-13.648,-0.27296000000000004,1.1569989102847074,-2.99,1.151
57,-9.931999999999999,-0.19864,1.0281578042304595,-2.595,1.142
58,-9.358999999999998,-0.18718000000000004,1.0471627703466162,-2.437,1.163
59,-17.804999999999993,-0.35609999999999997,1.0374356895730934,-2.373,1.133
60,-9.637,-0.19274000000000005,1.082334307134353,-2.545,1.138
61,-11.917,-0.23834,1.0324558413801532,-2.274,1.118
62,-18.560000000000002,-0.3711999999999999,1.0139378284687872,-2.277,1.099
63,-18.342999999999996,-0.3668599999999999,1.1162947999520556,-2.465,1.242
64,-29.25599999999999,-0.58512,0.30742216185564764,-1.554,0.722
65,-21.835999999999995,-0.43672,0.42196113754704945,-1.494,0.871
66,-12.478999999999996,-0.24958,0.29237202944194235,-0.997,0.739
67,-15.059000000000003,-0.30118,0.4545001073707244,-1.19,0.978
68,-14.878999999999996,-0.29758,0.9245507901678524,-2.237,1.175
69,-20.049,-0.40098,1.0675024775615276,-2.343,1.204
70,-23.358000000000008,-0.46716,1.0783936453818708,-2.553,1.129
71,-16.43599999999999,-0.3287199999999999,1.0496859347442928,-2.851,1.092
72,-27.767,-0.55534,1.0120005654148618,-2.812,0.863
73,-30.178,-0.60356,0.8941008256343352,-2.377,0.887
74,-24.203,-0.48405999999999993,0.9632647696246344,-2.531,1.069
75,-31.076999999999998,-0.62154,0.9803305199778288,-2.7,0.922
76,-22.538000000000004,-0.45076,0.9113488148892278,-3.194,1.093
77,-27.698000000000008,-0.55396,1.0567117858716255,-2.73,1.206
78,-28.149000000000004,-0.56298,0.9150481624482943,-2.875,1.178
79,-17.904,-0.35808,0.9960232696076934,-2.719,1.037
80,-22.575,-0.4515,1.066609098967377,-2.581,1.153
81,-28.452,-0.56904,0.9046755873792549,-2.569,0.992
82,-15.981999999999998,-0.3196399999999999,0.9533630947335858,-2.445,1.142
83,-17.086999999999996,-0.34174,0.6047764482848187,-2.019,1.201
84,-16.878,-0.33756,0.37013944183239916,-1.236,0.765
85,-16.761000000000003,-0.33521999999999996,0.3026852021490314,-1.138,0.574
86,-24.244,-0.48488,0.5503750226890752,-1.968,0.724
87,-37.222000000000016,-0.74444,0.9453876275898685,-3.535,0.918
88,-25.913000000000007,-0.51826,0.5991562337153808,-3.02,0.569
89,-24.93,-0.49860000000000004,0.6212758807486413,-2.126,0.767
90,-26.596999999999998,-0.5319400000000001,0.8416564242017046,-3.014,0.88
91,-19.214,-0.38428000000000007,0.7092718531000648,-2.302,1.053
92,-17.535,-0.3507,0.514273672279653,-2.004,0.696
93,-24.88999999999999,-0.4978,0.6489197793256113,-1.865,0.929
94,-21.737,-0.43473999999999996,0.8621902298217025,-2.659,1.297
95,-18.088999999999995,-0.36178000000000005,1.1977291394969065,-3.021,1.429
96,-10.122999999999996,-0.20246000000000003,1.1297828501088163,-2.22,1.417
97,-11.478999999999996,-0.22957999999999998,1.1841539273253285,-3.042,1.386
98,-5.927000000000003,-0.11854000000000003,1.1037157099543342,-2.902,1.4
99,-4.0760000000000005,-0.08152000000000001,0.8518690331265716,-2.065,1.381
100,-7.475,-0.14950000000000002,0.8080923276457956,-1.628,1.34
101,-6.220999999999999,-0.12441999999999996,0.8482996897323491,-2.514,1.394
102,4.925999999999999,0.09851999999999998,0.6586972670354722,-1.512,1.408
103,-0.8059999999999985,-0.01611999999999998,0.7213171186101158,-2.143,1.118
104,-1.6730000000000012,-0.03345999999999999,0.699160502602943,-2.04,1.267
105,-8.658999999999999,-0.17317999999999997,0.9749783318617907,-2.121,1.236
106,-0.8029999999999986,-0.016060000000000015,0.9099604696908543,-2.412,1.288
107,-9.886000000000001,-0.19771999999999995,1.0323340358624238,-2.919,1.216
108,0.09000000000000252,0.001800000000000015,0.9905177434049327,-2.185,1.357
109,-9.826000000000002,-0.19652,1.1466804827849824,-2.769,1.389
110,-11.959999999999994,-0.23919999999999997,1.0808263690343607,-2.322,1.226
111,-18.092,-0.36184000000000005,1.1189687816914284,-3.115,1.214
112,-15.640000000000002,-0.3128,1.1470413941963906,-2.705,1.203
113,-16.180000000000003,-0.32359999999999994,1.0558687986677133,-3.011,1.409
114,-14.607000000000001,-0.29213999999999996,0.9855140386620579,-2.514,1.205
115,-4.804000000000002,-0.09608000000000004,0.8580268723064565,-2.18,1.321
116,-7.618,-0.15236,0.6315528722126121,-2.256,1.151
117,-8.985999999999997,-0.17972000000000002,0.4852156238209977,-1.887,1.23
118,-16.146000000000004,-0.32292000000000004,0.6885993563749534,-2.479,1.19
119,-0.10599999999999982,-0.0021199999999999943,0.5810852137165425,-1.444,1.371
120,-6.331999999999998,-0.12664,0.6570544501028815,-1.588,1.285
121,-12.394,-0.24788000000000004,0.7684605036044468,-1.791,1.312
122,-10.934999999999997,-0.2187,0.7844633898404691,-2.024,1.345
123,0.7259999999999998,0.014519999999999983,0.8058596959769114,-2.532,1.39
124,-1.5100000000000022,-0.030200000000000022,0.9360694418684973,-2.289,1.372
125,-13.91,-0.2782,1.0903324263728014,-2.804,1.264
126,-1.1620000000000008,-0.023239999999999997,0.9777486703647313,-2.592,1.236
127,-26.746000000000006,-0.53492,1.1238074717672952,-3.004,1.283
128,-15.835999999999999,-0.31672000000000006,0.9998164839609317,-2.455,1.287
129,-16.969000000000005,-0.33938,1.1634988936823276,-2.733,1.302
130,-10.437,-0.20873999999999995,1.1008438546860313,-2.467,1.221
131,-10.661,-0.21322000000000002,1.1802397263268172,-2.716,1.293
132,-11.505000000000004,-0.23010000000000003,1.130697948171836,-2.649,1.289
133,-15.345999999999998,-0.30692,1.14318474167564,-2.799,1.275
134,-15.332000000000003,-0.30663999999999997,1.0712193007969937,-2.566,1.337
135,-18.164,-0.36328000000000005,1.089201892029205,-2.403,1.218
136,-23.145999999999997,-0.46292,1.0792405818908035,-2.31,1.292
137,-4.752000000000001,-0.09504000000000005,1.061080015078976,-2.531,1.241
138,-15.141,-0.30282,1.0040076631181656,-2.89,1.202
139,-5.6309999999999985,-0.11262,0.9923449579657267,-2.754,1.199
140,-12.078999999999995,-0.24158,0.752970865040607,-2.522,1.153
141,-9.437000000000003,-0.18874000000000002,0.38373870328649423,-0.562,0.972
142,-11.680000000000001,-0.23360000000000003,0.3718675032857805,-1.441,0.908
143,-9.973999999999997,-0.19948,0.8945938349888177,-2.168,1.271
144,-1.8380000000000019,-0.03675999999999999,1.0565349508653274,-3.174,1.218
145,-6.222000000000001,-0.12443999999999995,1.01392775206126,-2.844,1.231
146,-15.258999999999997,-0.30518,1.0432563383943565,-2.608,1.17
147,-14.588,-0.29175999999999996,1.0532714476335148,-2.448,1.309
148,-2.5920000000000014,-0.051840000000000004,1.092265908284242,-2.596,1.298
149,-7.987000000000001,-0.15974000000000002,1.0406830604944044,-2.095,1.302
150,-2.5810000000000013,-0.05161999999999999,1.0635038672238102,-2.682,1.285
151,-12.134999999999996,-0.24270000000000003,1.0073761611235397,-1.952,1.256
152,-0.2150000000000023,-0.004300000000000015,0.996237185613948,-2.252,1.238
153,2.7790000000000017,0.055579999999999984,0.9608124913842451,-2.645,1.252
154,-11.011999999999999,-0.22024000000000002,1.1214970452034192,-2.434,1.21
155,2.2409999999999997,0.04481999999999999,0.9034201833034283,-2.14,1.303
156,-6.611,-0.13222,0.987879856865196,-2.244,1.303
157,-2.409999999999999,-0.04819999999999998,0.9756401180763326,-2.4,1.157
158,6.598999999999998,0.13198,0.7483310361063478,-1.774,1.248
159,0.7960000000000006,0.015919999999999993,1.033652627143181,-2.397,1.189
160,-1.3310000000000004,-0.026620000000000022,0.8979594843866845,-2.749,1.334
161,6.497000000000001,0.12994,0.704521040423918,-1.711,1.204
162,-8.111000000000004,-0.16221999999999998,0.5585894839683253,-2.293,1.308
163,-8.530000000000001,-0.17059999999999997,0.46555253194457014,-1.835,1.23
164,-15.800000000000002,-0.31600000000000006,0.6650005413531631,-1.743,1.156
165,-12.597999999999999,-0.25196,0.36489960043825753,-0.786,1.057
166,-7.379999999999999,-0.1476,0.38518115218686383,-0.776,0.855
167,-10.032999999999998,-0.20066000000000003,0.38202453376713913,-0.601,1.191
168,-14.967999999999998,-0.29935999999999996,0.31770928598327125,-1.129,0.455
169,-4.5520000000000005,-0.09103999999999997,0.3938168081735466,-0.522,1.352
170,-4.175,-0.08349999999999999,0.44953786269901674,-0.594,1.385
171,-2.024,-0.04048,0.7393641928035195,-2.52,1.395
172,-6.948,-0.13895999999999997,0.8058801141609092,-1.89,1.403
173,-3.7089999999999996,-0.07418,0.6858148056144604,-1.763,1.289
174,-13.364000000000003,-0.26728,0.7404885425177083,-2.12,1.329
175,0.019999999999999185,0.0004000000000000015,0.6635977094595792,-1.44,1.379
176,-0.04599999999999932,-0.0009199999999999953,0.5521594277018187,-1.764,1.236
177,-3.3420000000000005,-0.06684,0.7553925962041195,-2.144,1.362
178,-6.602999999999998,-0.13205999999999996,0.8554862806614726,-2.613,1.377
179,-3.839999999999999,-0.07680000000000003,0.8277402732741714,-1.832,1.358
180,-20.250999999999994,-0.40501999999999994,0.8092828304122114,-2.083,1.152
181,-13.528000000000002,-0.27056,0.8216750004715977,-1.929,1.248
182,-21.389000000000003,-0.42778,1.1414913629108192,-3.322,1.378
183,-8.215000000000007,-0.1643,1.0419605798685476,-2.67,1.343
184,-14.184,-0.28368000000000004,0.9856215387256915,-2.314,1.313
185,-17.073,-0.34146,1.1279671663661137,-2.843,1.383
186,-12.906,-0.25811999999999996,1.0337331500924212,-2.449,1.285
187,-5.715000000000002,-0.1143,1.0709351661048394,-2.604,1.325
188,-10.782999999999996,-0.21566,1.1172785616845962,-2.876,1.324
189,1.0950000000000006,0.021899999999999996,0.9713002059095839,-2.154,1.306
190,-9.527,-0.19054000000000001,1.1883310853461673,-2.608,1.296
191,-18.767,-0.37534000000000006,1.0298133153149653,-2.515,1.122
192,-8.340000000000002,-0.1668,1.0604740826630323,-2.482,1.395
193,-9.681,-0.19362,1.1284490753241814,-2.652,1.391
194,-10.570999999999998,-0.21141999999999997,1.126040462683291,-2.821,1.237
195,-2.4670000000000014,-0.04934000000000001,1.1294312659033308,-3.098,1.349
196,-9.262999999999996,-0.18526,1.009971679008872,-2.543,1.165
197,-2.6149999999999998,-0.05229999999999999,1.024834528106855,-2.5,1.338
198,-7.442,-0.14883999999999997,1.1356632486789382,-3.015,1.358
199,-20.44599999999999,-0.40892,1.1260149171303193,-3.275,1.189
200,-8.975000000000001,-0.17950000000000002,1.048890103871707,-3.125,1.327
201,-9.440999999999994,-0.18882,1.103623426536425,-2.493,1.267
202,-2.2270000000000008,-0.04454,1.0891749943879543,-2.735,1.4
203,-3.9750000000000023,-0.07949999999999997,1.1654702784713131,-2.877,1.367
204,0.8480000000000001,0.01695999999999999,0.9737053550227605,-2.385,1.291
205,-2.2779999999999987,-0.04556000000000001,1.1662850279412833,-3.151,1.401
206,-6.6129999999999995,-0.13226000000000002,1.0978705900059442,-2.677,1.27
207,-22.020000000000007,-0.4404,1.1143236693169538,-3.365,1.211
208,-0.04700000000000126,-0.0009400000000000119,1.103526500089599,-2.145,1.389
209,-11.774,-0.23548,1.2278571780137948,-3.271,1.307
210,-0.9720000000000004,-0.019440000000000016,0.989417832060854,-2.433,1.39
211,-9.942999999999996,-0.19885999999999998,1.1472427992365,-2.917,1.305
212,-10.151999999999997,-0.20303999999999994,0.9143114777798647,-2.616,1.314
213,-15.329999999999997,-0.3066,0.9157803011639856,-2.637,1.298
214,-24.742,-0.49484,1.0361499767890747,-2.756,1.295
215,-16.346000000000004,-0.3269200000000001,0.9185097242816759,-2.546,1.41
216,-10.544,-0.21088,1.037828206207559,-3.045,1.344
217,-15.818999999999997,-0.31638,1.1428070334050275,-2.765,1.386
218,-7.353999999999999,-0.14708000000000002,1.2011697438746949,-3.109,1.39
219,-15.363999999999999,-0.30728,1.1957858845127751,-3.057,1.401
220,-4.214000000000001,-0.08428000000000001,0.96113449714387,-2.389,1.257
221,0.16499999999999926,0.0032999999999999896,0.9757695270913106,-2.48,1.291
222,0.45500000000000074,0.00909999999999998,1.1501977960333607,-2.646,1.38
223,-13.942,-0.27884,1.2314811628279176,-2.908,1.381
224,-5.88,-0.11760000000000001,1.1566393214827169,-2.674,1.415
225,-3.6950000000000007,-0.07390000000000002,1.0403217435005383,-2.289,1.368
226,-6.888000000000001,-0.13776,1.1794899840185165,-2.369,1.316
227,2.906999999999997,0.05814000000000001,1.1352916983753558,-2.656,1.32
228,-9.631999999999998,-0.19264000000000003,1.1614347637297584,-2.907,1.28
229,-4.531000000000001,-0.09061999999999999,1.1252424963535637,-2.964,1.298
230,-15.464999999999996,-0.3093,1.1735393857898422,-2.751,1.399
231,-8.611999999999993,-0.17224,1.2188894709529654,-2.962,1.395
232,-2.912999999999999,-0.05826000000000001,1.1292059123118334,-2.838,1.38
233,-10.767000000000003,-0.21533999999999998,1.1401901001148886,-3.313,1.396
234,-13.186999999999998,-0.26374000000000003,1.0964654086654992,-2.546,1.389
235,-13.462000000000002,-0.26924,1.0319047351378905,-2.6,1.255
236,-6.6960000000000015,-0.13391999999999996,1.1937879349365197,-2.714,1.397
237,-10.781999999999998,-0.21563999999999997,1.1376008572429963,-2.558,1.401
238,-9.861000000000004,-0.19722,1.1442495058334088,-2.72,1.283
239,-14.359000000000002,-0.28718,1.1529096007927073,-3.181,1.335
240,-9.876000000000001,-0.19752000000000003,1.0991434526939603,-2.418,1.329
241,-6.808000000000001,-0.13615999999999998,1.0662343337184375,-2.487,1.321
242,-10.344000000000001,-0.20688000000000004,1.172974571591388,-2.527,1.314
243,-14.320999999999998,-0.28642,1.1719652911242722,-2.786,1.338
244,-10.024999999999997,-0.20049999999999998,1.1657485191927115,-2.896,1.372
245,-7.816000000000002,-0.15632000000000004,1.075338131752055,-2.715,1.378
246,-0.889,-0.017780000000000018,1.1110424706553752,-2.712,1.355
247,-3.973,-0.07946000000000003,1.1443720061238827,-2.325,1.311
248,-7.776,-0.15552000000000002,1.27218590213852,-3.116,1.383
249,3.3030000000000017,0.06606,1.0908491813261814,-2.515,1.36
250,-11.728,-0.23456,1.0867810848556392,-2.676,1.256
251,-2.2740000000000005,-0.04547999999999999,1.1508283666993961,-2.484,1.346
252,-9.320000000000002,-0.1864,1.1137996588255896,-3.098,1.325
253,-5.5109999999999975,-0.11021999999999998,1.1424666697982921,-2.396,1.405
254,-4.167999999999999,-0.08335999999999999,0.8922483456975416,-2.466,1.229
255,-9.956999999999997,-0.19913999999999996,1.2094314037596343,-2.825,1.391
256,-12.965,-0.25930000000000003,1.0593860533346662,-2.392,1.353
257,-5.297999999999999,-0.10596,1.0486439998397932,-2.487,1.347
258,-10.137000000000002,-0.20274000000000003,1.221252992790601,-2.613,1.371
259,-9.759,-0.19518000000000002,1.0762747361152727,-2.449,1.289
260,-11.732000000000001,-0.23464,1.152646134075849,-2.713,1.309
261,-19.86,-0.3972,1.1385662914384918,-2.594,1.343
262,-6.521000000000001,-0.13042000000000006,1.0882535566677465,-2.596,1.285
263,-15.290000000000003,-0.30579999999999996,1.1320046643013446,-2.469,1.193
264,-11.636,-0.23272,1.1818624122967951,-2.891,1.373
265,-1.4769999999999999,-0.029539999999999997,1.0642380036439216,-2.674,1.384
266,-11.729,-0.23458000000000007,1.0541154602793756,-2.036,1.303
267,-14.517999999999997,-0.29036,1.0630989936972002,-2.888,1.346
268,1.7620000000000005,0.035240000000000014,0.9434946859415796,-2.771,1.349
269,-0.3190000000000004,-0.006380000000000017,0.9694661807407208,-2.288,1.315
270,-5.687,-0.11374,0.9442744899657091,-2.432,1.188
271,-9.761,-0.19521999999999998,1.0229748636208027,-2.997,1.386
272,4.582999999999999,0.09166,0.6322539239894048,-0.513,1.41
273,0.8819999999999991,0.017640000000000017,0.568775131664527,-0.538,1.331
274,4.7490000000000006,0.09498000000000001,0.6745842123856739,-1.412,1.255
275,-7.659000000000008,-0.15317999999999998,0.8618662701370787,-2.165,1.272
276,3.817000000000001,0.07634000000000002,0.9063455766979833,-2.191,1.379
277,-8.571999999999997,-0.17143999999999998,1.1070049893293163,-3.006,1.303
278,-10.135,-0.2027,1.0778100435605524,-2.631,1.224
279,-12.805,-0.2561,1.091737885208716,-3.135,1.264
280,-8.304,-0.16608,1.084375965060089,-2.69,1.367
281,-6.4659999999999975,-0.12932,1.0931360837516984,-2.84,1.298
282,-8.335999999999999,-0.16672,0.9790415525400339,-2.18,1.268
283,-4.8519999999999985,-0.09703999999999997,1.1503818489527728,-3.346,1.348
284,-15.032000000000002,-0.30063999999999996,1.0562169807383328,-2.726,1.215
285,-7.031999999999997,-0.14063999999999996,0.9741289803716959,-2.64,1.251
286,-3.835000000000002,-0.07669999999999998,0.9855198070054199,-2.147,1.413
287,-5.785,-0.1157,1.1181323222230901,-2.812,1.346
288,-15.499000000000002,-0.30998,1.0717694992861104,-2.778,1.212
289,-8.024,-0.16048,1.005375377458589,-2.402,1.287
290,-9.494,-0.18988,1.0415492814072698,-2.547,1.329
291,-2.604000000000001,-0.05207999999999997,0.9600697024695654,-2.727,1.355
292,-2.3800000000000012,-0.04760000000000002,0.9965951836126843,-2.333,1.214
293,-10.286999999999999,-0.20574,0.9147467367528566,-1.945,1.286
294,-18.843999999999998,-0.37688000000000005,1.0492456078535664,-2.63,1.28
295,-6.903000000000001,-0.13806,0.9637113760872599,-2.377,1.404
296,7.870000000000002,0.15740000000000004,0.8905238233758825,-2.493,1.406
297,-1.7619999999999991,-0.03523999999999998,0.9332492391639008,-2.343,1.227
298,-8.967000000000002,-0.17934,1.0264218549894581,-2.53,1.28
299,6.233999999999997,0.12467999999999999,0.9297170201733428,-2.505,1.412
300,-11.811,-0.23621999999999999,0.9718486155775496,-2.708,1.177
301,-0.6830000000000009,-0.01366,0.9729176863435056,-2.306,1.257
302,-4.177000000000001,-0.08354000000000003,0.9626428457117416,-2.805,1.266
303,-8.841,-0.17682000000000003,1.0268276133801624,-2.71,1.368
304,-5.906,-0.11811999999999999,0.8904302250036215,-2.249,1.237
305,4.9819999999999975,0.09963999999999999,0.8918452502536526,-2.552,1.355
306,-12.488999999999999,-0.24977999999999997,0.9619807334869032,-2.069,1.095
307,-3.147000000000001,-0.06294000000000002,1.0681195328239252,-2.994,1.317
308,-9.615,-0.1923,0.9394384120313584,-2.567,1.375
309,4.061,0.08121999999999999,0.9793518323871151,-2.509,1.329
310,9.133,0.18265999999999993,0.9436828410011491,-2.467,1.308
311,-4.886,-0.09772,1.0106303783282986,-2.757,1.224
312,0.2729999999999997,0.005460000000000012,1.0489461990016455,-2.496,1.375
313,-8.669000000000006,-0.17338000000000003,1.009857552132973,-2.309,1.332
314,4.783,0.09566000000000001,0.9045241535746847,-2.462,1.258
315,-4.977000000000001,-0.09954,1.0068584450656408,-2.18,1.249
316,-13.130999999999997,-0.26261999999999996,1.0902851349990974,-2.923,1.346
317,-11.911000000000001,-0.23822,1.0909190123927623,-2.302,1.288
318,-2.8199999999999994,-0.0564,1.0887205518405538,-2.386,1.341
319,-15.510999999999997,-0.31022,1.0337778927796821,-2.945,1.355
320,-3.9239999999999995,-0.07848000000000001,1.059301812327346,-2.439,1.335
321,1.419,0.028379999999999992,0.924332881379863,-2.508,1.394
322,-10.914000000000001,-0.21828000000000003,1.1057253554115507,-3.093,1.425
323,-6.119999999999999,-0.12239999999999998,1.0770289504001274,-2.334,1.247
324,-3.8589999999999987,-0.07717999999999997,1.0815349405359034,-2.61,1.403
325,-5.701,-0.11402,0.9411134148443533,-2.36,1.369
326,5.353,0.10705999999999999,0.8475417726578437,-1.906,1.19
327,-6.063000000000002,-0.12125999999999999,1.0259127606185625,-2.594,1.423
328,-9.463999999999999,-0.18927999999999998,1.0599973215060496,-2.729,1.357
329,-3.438000000000001,-0.06876000000000002,1.057164103817378,-2.49,1.372
330,-9.161000000000001,-0.18322,1.0600205713098214,-2.157,1.304
331,4.112999999999997,0.08225999999999999,0.9319793948366025,-2.396,1.402
332,14.415999999999999,0.28832,0.79176954829041,-2.244,1.304
333,-12.218999999999998,-0.24437999999999996,1.1588606109450783,-2.43,1.407
334,-7.6469999999999985,-0.15294,1.0983523188849742,-2.657,1.314
335,10.782000000000004,0.21564000000000003,0.8852215487661832,-2.176,1.381
336,0.8049999999999982,0.01609999999999999,0.9631500038934745,-2.518,1.223
337,-10.465000000000003,-0.20929999999999999,1.0709596304249753,-2.263,1.336
338,-7.909000000000001,-0.15818000000000002,1.043243455574968,-2.099,1.316
339,6.395000000000001,0.12789999999999999,1.1345245744363583,-2.544,1.4
340,-11.475999999999999,-0.22951999999999997,1.0384932207771027,-2.428,1.244
341,-6.308999999999999,-0.12617999999999996,1.0112800539909803,-2.833,1.205
342,-3.579,-0.07157999999999999,1.054088555862362,-2.328,1.337
343,-0.8810000000000004,-0.017619999999999997,0.973886828948826,-2.321,1.357
344,-8.399,-0.16798000000000002,1.1479220790628604,-3.142,1.38
345,-2.4359999999999995,-0.04871999999999999,1.0537077591059107,-2.458,1.398
346,-9.970000000000002,-0.19939999999999997,0.9864785451290868,-2.318,1.159
347,-9.443000000000001,-0.18886000000000003,1.1870303114916652,-3.136,1.367
348,-6.5020000000000024,-0.13004000000000002,1.0464077209195275,-2.487,1.371
349,3.9589999999999987,0.07918000000000001,1.0191589609084541,-2.307,1.353
350,-11.209,-0.22418,1.124594570323012,-2.452,1.271
351,2.5073560668292716,0.05014712133658543,0.06440286784029078,-0.060374961773291214,0.23451343667110608
352,2.7190859557118268,0.054381719114236525,0.07193410542664762,-0.10735935053525555,0.23184658899094276
353,-0.9221559268529191,-0.01844311853705837,0.09883219002292996,-0.21854736842019645,0.15609750704519934
354,-0.46847098268979526,-0.009369419653795901,0.0660353378800783,-0.16966777365373845,0.14531552660835284
355,-9.38840027961691,-0.18776800559233817,0.05968993348540544,-0.3070451148239612,-0.013197142622157777
356,-6.823177766479274,-0.13646355532958546,0.09030083096440218,-0.33440021213507165,-0.00610545666010612
357,5.590495098130471,0.1118099019626094,0.06884373009790375,-0.03510056438622645,0.24403632200977599
358,-3.3784115309397103,-0.0675682306187942,0.07917348910241723,-0.23419313682528997,0.15463210929214044
359,2.896309795469274,0.05792619590938548,0.08003956766306343,-0.103273819942165,0.22936562825063853
360,-4.761884979502131,-0.09523769959004262,0.060836646467738315,-0.2302100122148771,0.036140137294535635
361,1.6546024487497002,0.03309204897499401,0.1119679858037531,-0.28314198342786595,0.21219647437528893
362,3.710662388249771,0.07421324776499544,0.07750834860300955,-0.14341370436764572,0.22182633636704815
363,-1.0157603569967826,-0.02031520713993564,0.24375661853749572,-0.5810264170636508,0.4543954861698545
364,1.2954500792731491,0.025909001585462978,0.09741171991233172,-0.28972226700035947,0.3149719329639351
365,1.989393008564209,0.03978786017128418,0.05749334687632132,-0.060527394743438795,0.15876687314674354
366,-1.1300887302142573,-0.022601774604285144,0.067084402217898,-0.1888510896526747,0.10405730533380769
367,-1.8006607733227422,-0.03601321546645485,0.09208048580252999,-0.25976530041083246,0.1944811109270263
368,5.768911094854879,0.1153782218970976,0.06896555001385792,-0.02141567752015032,0.24361486503597216
369,-0.9096153077064655,-0.018192306154129315,0.06922859993476695,-0.15346785836136712,0.19638678998461798
370,-3.4035262721414123,-0.06807052544282825,0.07794545549320184,-0.21825971566137978,0.08520472853375625
371,-2.4090451770772785,-0.04818090354154557,0.059072966982341685,-0.25314044199609304,0.05302185619574763
372,0.7119480993015559,0.014238961986031117,0.03467026958920294,-0.05390731862449076,0.09626573375969791
373,-3.1456039333052583,-0.06291207866610515,0.06509061675558976,-0.2011543999449737,0.05632393403995619
374,2.7703413139889257,0.055406826279778505,0.061226403670018366,-0.10854445285296284,0.17436987491425024
375,-1.4226211954229608,-0.02845242390845921,0.05505436097190049,-0.13964004408041417,0.09726715376441544
376,1.1896447305013216,0.023792894610026427,0.08364861457591394,-0.19271643632000338,0.18164325151455085
377,-4.0428983820789535,-0.08085796764157908,0.059149816031825654,-0.19745376156556743,0.0589220881475846
378,6.781564283612024,0.1356312856722405,0.074251684174472,-0.03556995929152248,0.2599995068086115
379,5.765013508803514,0.11530027017607025,0.062411097021444276,-0.038011544303149125,0.2198294170550851
380,-3.3650309705444235,-0.06730061941088848,0.08333627075180179,-0.20923381766004157,0.16087946427092392
381,-2.701399066798687,-0.05402798133597374,0.10555088484615936,-0.2914187257108999,0.18634565695216243
382,-0.533599517093017,-0.010671990341860343,0.057596230194248574,-0.19968615890212987,0.12113216216425131
383,-0.0222812405484194,-0.0004456248109683883,0.018985551876264415,-0.04567304834562363,0.05241171963595514
384,-8.683006872017966,-0.17366013744035932,0.09149847609129647,-0.3888992825952392,0.034450739438932544
385,-5.9044257544859935,-0.11808851508971985,0.057238504997242375,-0.22751618830693163,0.05158986111067929
386,2.8483118519389423,0.056966237038778844,0.06220900402485706,-0.08255685813107036,0.22094983238352872
387,-2.4388235508584164,-0.04877647101716833,0.04232344126095588,-0.13633396869780942,0.042508516499305676
388,-1.7543606046280213,-0.03508721209256042,0.13285063883992498,-0.3781558816286892,0.22597709507076288
389,-4.259097695002522,-0.08518195390005044,0.08731061461166849,-0.3119284853192603,0.09152651313631462
390,-3.646178050412391,-0.07292356100824782,0.0762457609921283,-0.26966679844327646,0.056048159857850284
391,5.816531783118934,0.1163306356623787,0.0861000472053399,-0.14457238190270705,0.3364216541226198
392,-6.190050969030507,-0.12380101938061015,0.09832479792154016,-0.31497049896362445,0.08849604301470362
393,-2.2090642159128024,-0.04418128431825604,0.06109412694286627,-0.1610725570438026,0.14572698476521995
394,-2.0070357371083,-0.040140714742166,0.09600013839618549,-0.24690033113929963,0.1876825614722541
395,-2.908868090367568,-0.05817736180735134,0.08576858299514606,-0.27538455768981895,0.12755790543172757
396,-1.2737007220330518,-0.02547401444066103,0.06580622180198395,-0.1438327289704179,0.14426179465890746
397,-8.611532322298387,-0.17223064644596775,0.07395656371134875,-0.34950147890952293,-0.004132951930753177
398,8.02687593819678,0.1605375187639356,0.0729794652073334,-0.04308414049838716,0.3343611093688141
399,-5.536375684773869,-0.11072751369547737,0.06796939488864162,-0.22199182891188385,0.03199272772687706
400,3.6846972322851235,0.07369394464570249,0.06494447655141268,-0.06425956332500295,0.2654386718334064
401,-0.07713024865048501,-0.0015426049730097005,0.004585682300076419,-0.010988924580065116,0.010223441505526334
402,-0.9850730805858092,-0.01970146161171618,0.08628466642248683,-0.24444251628043612,0.16864052185357992
403,-1.161229725253682,-0.023224594505073637,0.12418242543224614,-0.35442571019084246,0.180634119579307
404,-3.147202950701497,-0.06294405901402995,0.06985438881979264,-0.20931883186118944,0.17690074509893214
405,-0.5769125389951886,-0.011538250779903772,0.0728451510950502,-0.17892395598940813,0.18350728489856905
406,-2.796906846198789,-0.055938136923975784,0.051998872449866784,-0.16000088249587144,0.0877233310454511
407,-4.773444003717058,-0.09546888007434118,0.0626574661196616,-0.22464312321270408,0.03133977310482896
408,-4.531858016777758,-0.09063716033555515,0.060452852750593734,-0.19986716174557284,0.08389323722226215
409,-3.9951915474160997,-0.07990383094832199,0.047213624698370246,-0.17522750033593754,0.05462698089048797
410,-2.950114833926407,-0.05900229667852813,0.06545421194617898,-0.2292127883924035,0.08511521490843113
411,-3.3565486460498675,-0.06713097292099736,0.06583854343025498,-0.25578561451675885,0.07646684151457836
412,-1.3857368069288376,-0.027714736138576748,0.04954072546743547,-0.14618039983785808,0.0766376136585103
413,-1.8275897624529693,-0.03655179524905939,0.07859235373776284,-0.2213535301711436,0.16998695108424572
414,1.661264524860726,0.033225290497214524,0.06300834597820694,-0.12520542304073598,0.1745288252321248
415,-6.590042989499153,-0.13180085978998307,0.0755861667756275,-0.299627957595088,0.006365788023098469
416,-6.826363150593607,-0.1365272630118721,0.046976083683871156,-0.22858700514724498,-0.01683333785962163
417,-2.8267555923888175,-0.05653511184777635,0.04447142834613951,-0.15493545816324222,0.04881092457645009
418,1.3985367948854863,0.027970735897709723,0.035451015094024936,-0.05741609511999604,0.11475039574261336
419,-2.8547572843431555,-0.057095145686863115,0.06696576493945168,-0.2071575827121765,0.09441650426649663
420,-2.979191823022945,-0.0595838364604589,0.062138741202031035,-0.26745547260193764,0.056264831089320115
421,-1.6422521845147693,-0.03284504369029539,0.06032358074853681,-0.203756653616155,0.07208413943366847
422,-1.6612386464199025,-0.03322477292839805,0.04886274203416866,-0.15707294136696154,0.08964102105921921
423,-6.197543052402392,-0.12395086104804784,0.060988412178082756,-0.25044685395541183,0.030206531582717504
424,-0.8931209050261135,-0.01786241810052227,0.041526153206014285,-0.08769163985109416,0.0796561609345843
425,-5.499601793780059,-0.10999203587560118,0.06464836422077888,-0.34142747358361697,0.023114171198701475
426,-2.5673787483249986,-0.05134757496649997,0.05941737435835297,-0.13443187685049557,0.07423798607393614
427,-3.709439414701306,-0.07418878829402611,0.05654917521351904,-0.19445514194194166,0.03706491981835932
428,3.419375386199447,0.06838750772398894,0.052774330724605106,-0.045796310775124784,0.19128852603121227
429,4.133494981292069,0.08266989962584136,0.05013131605170342,-0.011842554860751447,0.20093719023783102
430,-4.602108297274668,-0.09204216594549336,0.0479486363441612,-0.1802121529536743,0.02265166290803729
431,-4.086207290241878,-0.08172414580483756,0.05425750357436547,-0.20093223621626735,0.015973588009893645
432,-4.228172151976933,-0.0845634430395387,0.06113303439146162,-0.22169593578299907,0.07642595420040728
433,1.5840827586257222,0.03168165517251445,0.04511233177859444,-0.04885767195029884,0.1581193862637416
434,-1.0263227499668497,-0.020526454999336988,0.035044541856904636,-0.09409511871524794,0.05082090287885079
435,-2.615114006479643,-0.052302280129592864,0.0725525541711006,-0.20214632532681204,0.10354260075308293
436,-1.9934028113071494,-0.039868056226142985,0.06978204723034494,-0.20182497117106588,0.08508313783437611
437,-1.1453935560075013,-0.022907871120150025,0.019368289872302977,-0.0631689751169237,0.017101994624820892
438,-3.0347767768704843,-0.060695535537409695,0.07230007668121001,-0.22443125354056656,0.08884131250097212
439,3.216636668020697,0.06433273336041394,0.06276848772590572,-0.08707232820018179,0.20708508368629827
440,-3.309666358949319,-0.06619332717898638,0.05915203651771282,-0.20610404244978534,0.1061848888778608
441,2.619375210995792,0.05238750421991584,0.058013599553003996,-0.09567055597840592,0.17073985345409726
442,-3.9416086698811417,-0.07883217339762284,0.04695035904650553,-0.1683904808108236,0.030855953675355204
443,-2.846787869085764,-0.05693575738171528,0.0616066396302221,-0.17094092280413795,0.061271359706800296
444,-2.9646707105280905,-0.05929341421056182,0.05624610143559937,-0.18145258750312465,0.06150898429726863
445,1.6497060659121954,0.032994121318243905,0.05868264631608063,-0.10495294965034709,0.16257542837981379
446,-2.679468897575497,-0.05358937795150995,0.07258588851744287,-0.1926688421704507,0.12033235763790961
447,-0.798610649471893,-0.015972212989437858,0.04192327071996534,-0.0898085161340646,0.10486321211693204
448,-3.4504781799815625,-0.06900956359963124,0.05211160085650222,-0.18154380050660057,0.03695034292954277
449,-2.1452829415292505,-0.04290565883058501,0.08139037283035691,-0.19599380580775952,0.2156602064895463
450,-0.47191989890527974,-0.009438397978105596,0.021189432811015537,-0.05554478038267836,0.04908893686433905
451,-3.6387684478909352,-0.07277536895781869,0.06392038320351763,-0.2333154517795795,0.039696084742895224
452,-1.800343662126753,-0.036006873242535056,0.043090637296079405,-0.11847893542826637,0.06575754858150291
453,-3.6409086272030935,-0.07281817254406187,0.05255396498010263,-0.22994229269737101,0.045315089763187134
454,-1.8430236836428997,-0.03686047367285799,0.10974368803106503,-0.2866241997076959,0.19127878993340133
455,-0.2612255674548274,-0.005224511349096548,0.09738667436938508,-0.18565111845851895,0.19488809964746848
456,-0.39824555379389004,-0.007964911075877799,0.044560552485787185,-0.09619326025008051,0.06885981007912456
457,6.489720876449908,0.12979441752899817,0.059610661740215495,-0.06068712400685774,0.21798852431800056
458,-3.6874759554789858,-0.0737495191095797,0.03446284416934383,-0.1554235854607984,0.009196918503573414
459,-4.499593715476273,-0.08999187430952547,0.04370009641131047,-0.19015831979837572,0.040529228090140396
460,0.3341408625393347,0.006682817250786692,0.2608969681187576,-0.7909745925579754,0.48139304861243454
461,-3.983029610372967,-0.07966059220745934,0.06048682136834426,-0.2032782225052376,0.07471638973546767
462,2.6613637781554127,0.05322727556310825,0.06925561395886065,-0.09859214051952239,0.19491419509662872
463,-0.4760562704272031,-0.009521125408544062,0.040349881772805914,-0.08469955273017338,0.09322314550374342
464,-0.6029926683761444,-0.012059853367522888,0.09121582516429347,-0.18170808683826611,0.17139726991191048
465,-3.626133559897665,-0.07252267119795329,0.052764869633389604,-0.19300183062727833,0.047311671886191814
466,-0.4226027934632157,-0.008452055869264315,0.09952262103607366,-0.2499934118053732,0.22557421862269225
467,-2.1002440972575696,-0.042004881945151375,0.0704663357581919,-0.19681364966679812,0.11987070175548067
468,-4.936153109397434,-0.0987230621879487,0.05740339561371009,-0.20638785374830945,0.038646628419223165
469,0.5656274140979036,0.011312548281958075,0.036940130799301585,-0.07293124464318408,0.06860809009649894
470,-5.785418638355065,-0.11570837276710128,0.05763412501810437,-0.24188859524757958,0.006968938571210829
471,0.38162019239639644,0.007632403847927929,0.03141277106525993,-0.05234734427630379,0.10543420238006598
472,0.16931554766996193,0.0033863109533992398,0.034460055572288255,-0.08340005839698696,0.09353673029545655
473,-1.1345016979945934,-0.02269003395989186,0.09236574054064083,-0.2367107270571862,0.16388632111106474
474,2.1773735524149043,0.043547471048298064,0.05738639527994226,-0.07983628398257833,0.19187418720362787
475,-1.2713389637563415,-0.02542677927512684,0.14861987732198909,-0.3831840112478813,0.22411975764250058
476,-8.594723250717015,-0.1718944650143403,0.05723282884422126,-0.31174588592459634,-0.04737105844065954
477,-1.6478079686060698,-0.032956159372121395,0.06844460911857528,-0.17863649560124076,0.10159025339213658
478,0.041933568592024795,0.0008386713718404957,0.010402964260752304,-0.01839756783006626,0.02262601162656533
479,0.5468808554266826,0.010937617108533653,0.2294342497596703,-0.5151379551102173,0.47397538508354936
480,-2.821538159456061,-0.056430763189121234,0.066923348395751,-0.20344349229060155,0.10195275586780624
481,-2.956411513986202,-0.05912823027972403,0.05486040585263975,-0.19694570584252824,0.03490466576099034
482,-0.8561553876245367,-0.017123107752490735,0.05219276857695255,-0.14668580806316905,0.07258960277089066
483,-4.159846252659162,-0.08319692505318323,0.0512493105051004,-0.18981161708717328,0.00616663089157075
484,-1.9080434361661749,-0.0381608687233235,0.0727841704810625,-0.20039357339962763,0.10819519166245814
485,-7.18759622576872,-0.1437519245153744,0.05073080936113809,-0.25955024798639775,-0.02556279875227139
486,-3.567666002816142,-0.07135332005632283,0.05914662215445339,-0.21372646288534083,0.0638188085788525
487,-0.6039158855950091,-0.01207831771190018,0.04457732176600988,-0.10249595674634647,0.0916653568578676
488,-1.1902059478689626,-0.02380411895737925,0.0570992628611306,-0.14904136926354067,0.13222105297663775
489,3.1873616728121146,0.06374723345624228,0.06492599056574905,-0.08791254079059788,0.20637161147653174
490,-4.07709567013394,-0.0815419134026788,0.07647890555194245,-0.3354786309982471,0.059614121741875845
491,-0.01681903493852155,-0.00033638069877043095,0.0036869286973264174,-0.00820157822025291,0.006147600036476418
492,-2.5329527477693845,-0.0506590549553877,0.08371735236896037,-0.24263720395629512,0.1806816614827184
493,-3.4475686317136827,-0.06895137263427366,0.04271519498290866,-0.142990915432335,0.034289254395887904
494,-3.4396430201932606,-0.06879286040386522,0.0513392317552005,-0.18582744538757914,0.043209001191517576
495,-6.577445035484604,-0.13154890070969208,0.053251336274233695,-0.2500263617918727,0.030867567363016043
496,-0.7381203350017238,-0.014762406700034474,0.04547783508980796,-0.09739617983829507,0.11476525937588235
497,1.0724952619456931,0.02144990523891387,0.08124877160272229,-0.20060808483706252,0.1752777975287138
498,-4.41287483551912,-0.08825749671038242,0.06057245791735731,-0.1852510729969663,0.06070841537703257
499,-1.3685559901352944,-0.027371119802705887,0.10560679967911145,-0.22339554937881678,0.23203270372869209
500,-0.23441630561472215,-0.004688326112294443,0.03612479574578726,-0.08531172696062485,0.06781457360303009
